BASE_YEAR,BASE_MONTH,GU_DC,AGE_DC,MV_CNT
2019,1,강서구,10대,1021
2019,1,강서구,20대,2540
2019,1,강서구,30대,6220
2019,1,강서구,40대,5530
2019,1,강서구,50대,4689
2019,1,강서구,60대,3064
2019,1,강서구,70대,1053
2019,1,금정구,10대,782
2019,1,금정구,20대,2271
2019,1,금정구,30대,2034
2019,1,금정구,40대,2271
2019,1,금정구,50대,2662
2019,1,금정구,60대,2279
2019,1,금정구,70대,1242
2019,1,기장군,10대,2605
2019,1,기장군,20대,3562
2019,1,기장군,30대,7624
2019,1,기장군,40대,8504
2019,1,기장군,50대,6679
2019,1,기장군,60대,5138
2019,1,기장군,70대,2548
2019,1,남구,10대,930
2019,1,남구,20대,2278
2019,1,남구,30대,2305
2019,1,남구,40대,2665
2019,1,남구,50대,2397
2019,1,남구,60대,2197
2019,1,남구,70대,1277
2019,1,동구,10대,351
2019,1,동구,20대,1104
2019,1,동구,30대,1543
2019,1,동구,40대,1734
2019,1,동구,50대,1790
2019,1,동구,60대,1606
2019,1,동구,70대,920
2019,1,동래구,10대,1439
2019,1,동래구,20대,2480
2019,1,동래구,30대,3322
2019,1,동래구,40대,3870
2019,1,동래구,50대,3889
2019,1,동래구,60대,3395
2019,1,동래구,70대,1900
2019,1,부산진구,10대,1072
2019,1,부산진구,20대,3453
2019,1,부산진구,30대,3487
2019,1,부산진구,40대,3352
2019,1,부산진구,50대,3435
2019,1,부산진구,60대,2943
2019,1,부산진구,70대,1666
2019,1,북구,10대,1303
2019,1,북구,20대,2472
2019,1,북구,30대,2967
2019,1,북구,40대,3243
2019,1,북구,50대,4012
2019,1,북구,60대,3133
2019,1,북구,70대,1630
2019,1,사상구,10대,1039
2019,1,사상구,20대,2760
2019,1,사상구,30대,3362
2019,1,사상구,40대,3658
2019,1,사상구,50대,4731
2019,1,사상구,60대,3435
2019,1,사상구,70대,1462
2019,1,사하구,10대,1261
2019,1,사하구,20대,2420
2019,1,사하구,30대,3150
2019,1,사하구,40대,3370
2019,1,사하구,50대,3794
2019,1,사하구,60대,3168
2019,1,사하구,70대,1606
2019,1,서구,10대,367
2019,1,서구,20대,966
2019,1,서구,30대,1208
2019,1,서구,40대,1320
2019,1,서구,50대,1481
2019,1,서구,60대,1426
2019,1,서구,70대,843
2019,1,수영구,10대,1001
2019,1,수영구,20대,2534
2019,1,수영구,30대,3266
2019,1,수영구,40대,3201
2019,1,수영구,50대,3146
2019,1,수영구,60대,2927
2019,1,수영구,70대,1857
2019,1,연제구,10대,953
2019,1,연제구,20대,2046
2019,1,연제구,30대,3074
2019,1,연제구,40대,3306
2019,1,연제구,50대,3223
2019,1,연제구,60대,2740
2019,1,연제구,70대,1583
2019,1,영도구,10대,444
2019,1,영도구,20대,905
2019,1,영도구,30대,1153
2019,1,영도구,40대,1372
2019,1,영도구,50대,1567
2019,1,영도구,60대,1554
2019,1,영도구,70대,958
2019,1,중구,10대,408
2019,1,중구,20대,1451
2019,1,중구,30대,1696
2019,1,중구,40대,1797
2019,1,중구,50대,1871
2019,1,중구,60대,1617
2019,1,중구,70대,904
2019,1,해운대구,10대,1796
2019,1,해운대구,20대,3236
2019,1,해운대구,30대,4318
2019,1,해운대구,40대,5038
2019,1,해운대구,50대,4595
2019,1,해운대구,60대,3543
2019,1,해운대구,70대,2047
2019,2,강서구,10대,1012
2019,2,강서구,20대,2410
2019,2,강서구,30대,5679
2019,2,강서구,40대,5041
2019,2,강서구,50대,4305
2019,2,강서구,60대,2896
2019,2,강서구,70대,1026
2019,2,금정구,10대,870
2019,2,금정구,20대,2177
2019,2,금정구,30대,2077
2019,2,금정구,40대,2325
2019,2,금정구,50대,2600
2019,2,금정구,60대,2235
2019,2,금정구,70대,1247
2019,2,기장군,10대,2671
2019,2,기장군,20대,3518
2019,2,기장군,30대,7345
2019,2,기장군,40대,8251
2019,2,기장군,50대,6386
2019,2,기장군,60대,4955
2019,2,기장군,70대,2511
2019,2,남구,10대,1044
2019,2,남구,20대,2260
2019,2,남구,30대,2397
2019,2,남구,40대,2774
2019,2,남구,50대,2436
2019,2,남구,60대,2247
2019,2,남구,70대,1346
2019,2,동구,10대,411
2019,2,동구,20대,1153
2019,2,동구,30대,1580
2019,2,동구,40대,1775
2019,2,동구,50대,1813
2019,2,동구,60대,1652
2019,2,동구,70대,978
2019,2,동래구,10대,1581
2019,2,동래구,20대,2630
2019,2,동래구,30대,3536
2019,2,동래구,40대,4106
2019,2,동래구,50대,4034
2019,2,동래구,60대,3593
2019,2,동래구,70대,2061
2019,2,부산진구,10대,1257
2019,2,부산진구,20대,3580
2019,2,부산진구,30대,3657
2019,2,부산진구,40대,3561
2019,2,부산진구,50대,3567
2019,2,부산진구,60대,3091
2019,2,부산진구,70대,1812
2019,2,북구,10대,1458
2019,2,북구,20대,2696
2019,2,북구,30대,3251
2019,2,북구,40대,3519
2019,2,북구,50대,4231
2019,2,북구,60대,3344
2019,2,북구,70대,1775
2019,2,사상구,10대,1133
2019,2,사상구,20대,2785
2019,2,사상구,30대,3434
2019,2,사상구,40대,3698
2019,2,사상구,50대,4694
2019,2,사상구,60대,3496
2019,2,사상구,70대,1519
2019,2,사하구,10대,1226
2019,2,사하구,20대,2301
2019,2,사하구,30대,2988
2019,2,사하구,40대,3176
2019,2,사하구,50대,3521
2019,2,사하구,60대,2969
2019,2,사하구,70대,1562
2019,2,서구,10대,419
2019,2,서구,20대,1017
2019,2,서구,30대,1258
2019,2,서구,40대,1392
2019,2,서구,50대,1512
2019,2,서구,60대,1474
2019,2,서구,70대,913
2019,2,수영구,10대,1095
2019,2,수영구,20대,2599
2019,2,수영구,30대,3348
2019,2,수영구,40대,3294
2019,2,수영구,50대,3156
2019,2,수영구,60대,2992
2019,2,수영구,70대,1928
2019,2,연제구,10대,1076
2019,2,연제구,20대,2120
2019,2,연제구,30대,3168
2019,2,연제구,40대,3433
2019,2,연제구,50대,3288
2019,2,연제구,60대,2828
2019,2,연제구,70대,1692
2019,2,영도구,10대,431
2019,2,영도구,20대,829
2019,2,영도구,30대,1125
2019,2,영도구,40대,1360
2019,2,영도구,50대,1477
2019,2,영도구,60대,1436
2019,2,영도구,70대,928
2019,2,중구,10대,505
2019,2,중구,20대,1547
2019,2,중구,30대,1753
2019,2,중구,40대,1856
2019,2,중구,50대,1867
2019,2,중구,60대,1604
2019,2,중구,70대,928
2019,2,해운대구,10대,1915
2019,2,해운대구,20대,3309
2019,2,해운대구,30대,4316
2019,2,해운대구,40대,5041
2019,2,해운대구,50대,4522
2019,2,해운대구,60대,3512
2019,2,해운대구,70대,2079
2019,3,강서구,10대,935
2019,3,강서구,20대,2322
2019,3,강서구,30대,5923
2019,3,강서구,40대,5295
2019,3,강서구,50대,4548
2019,3,강서구,60대,3052
2019,3,강서구,70대,1072
2019,3,금정구,10대,1082
2019,3,금정구,20대,2718
2019,3,금정구,30대,2097
2019,3,금정구,40대,2390
2019,3,금정구,50대,2757
2019,3,금정구,60대,2404
2019,3,금정구,70대,1347
2019,3,기장군,10대,2407
2019,3,기장군,20대,3223
2019,3,기장군,30대,7284
2019,3,기장군,40대,8177
2019,3,기장군,50대,6375
2019,3,기장군,60대,5049
2019,3,기장군,70대,2587
2019,3,남구,10대,1247
2019,3,남구,20대,2722
2019,3,남구,30대,2408
2019,3,남구,40대,2816
2019,3,남구,50대,2494
2019,3,남구,60대,2308
2019,3,남구,70대,1393
2019,3,동구,10대,365
2019,3,동구,20대,1101
2019,3,동구,30대,1553
2019,3,동구,40대,1740
2019,3,동구,50대,1831
2019,3,동구,60대,1689
2019,3,동구,70대,1003
2019,3,동래구,10대,1552
2019,3,동래구,20대,2468
2019,3,동래구,30대,3411
2019,3,동래구,40대,4028
2019,3,동래구,50대,3985
2019,3,동래구,60대,3583
2019,3,동래구,70대,2062
2019,3,부산진구,10대,1369
2019,3,부산진구,20대,3751
2019,3,부산진구,30대,3676
2019,3,부산진구,40대,3600
2019,3,부산진구,50대,3657
2019,3,부산진구,60대,3219
2019,3,부산진구,70대,1911
2019,3,북구,10대,1404
2019,3,북구,20대,2593
2019,3,북구,30대,3124
2019,3,북구,40대,3447
2019,3,북구,50대,4187
2019,3,북구,60대,3347
2019,3,북구,70대,1808
2019,3,사상구,10대,1243
2019,3,사상구,20대,3160
2019,3,사상구,30대,3375
2019,3,사상구,40대,3676
2019,3,사상구,50대,4770
2019,3,사상구,60대,3555
2019,3,사상구,70대,1550
2019,3,사하구,10대,1271
2019,3,사하구,20대,2428
2019,3,사하구,30대,2958
2019,3,사하구,40대,3205
2019,3,사하구,50대,3602
2019,3,사하구,60대,3058
2019,3,사하구,70대,1626
2019,3,서구,10대,434
2019,3,서구,20대,1131
2019,3,서구,30대,1238
2019,3,서구,40대,1354
2019,3,서구,50대,1518
2019,3,서구,60대,1494
2019,3,서구,70대,937
2019,3,수영구,10대,1034
2019,3,수영구,20대,2576
2019,3,수영구,30대,3331
2019,3,수영구,40대,3278
2019,3,수영구,50대,3192
2019,3,수영구,60대,3061
2019,3,수영구,70대,1989
2019,3,연제구,10대,1085
2019,3,연제구,20대,2173
2019,3,연제구,30대,3229
2019,3,연제구,40대,3506
2019,3,연제구,50대,3375
2019,3,연제구,60대,2943
2019,3,연제구,70대,1757
2019,3,영도구,10대,533
2019,3,영도구,20대,1109
2019,3,영도구,30대,1197
2019,3,영도구,40대,1442
2019,3,영도구,50대,1638
2019,3,영도구,60대,1631
2019,3,영도구,70대,1073
2019,3,중구,10대,398
2019,3,중구,20대,1502
2019,3,중구,30대,1717
2019,3,중구,40대,1804
2019,3,중구,50대,1901
2019,3,중구,60대,1666
2019,3,중구,70대,967
2019,3,해운대구,10대,1605
2019,3,해운대구,20대,2872
2019,3,해운대구,30대,3994
2019,3,해운대구,40대,4583
2019,3,해운대구,50대,4161
2019,3,해운대구,60대,3287
2019,3,해운대구,70대,1930
2019,4,강서구,10대,2447
2019,4,강서구,20대,2009
2019,4,강서구,30대,3882
2019,4,강서구,40대,3272
2019,4,강서구,50대,3223
2019,4,강서구,60대,1763
2019,4,강서구,70대,1007
2019,4,금정구,10대,2564
2019,4,금정구,20대,2604
2019,4,금정구,30대,1809
2019,4,금정구,40대,2202
2019,4,금정구,50대,2600
2019,4,금정구,60대,1803
2019,4,금정구,70대,1408
2019,4,기장군,10대,6982
2019,4,기장군,20대,2967
2019,4,기장군,30대,5973
2019,4,기장군,40대,5642
2019,4,기장군,50대,4817
2019,4,기장군,60대,3374
2019,4,기장군,70대,2745
2019,4,남구,10대,2972
2019,4,남구,20대,2514
2019,4,남구,30대,2085
2019,4,남구,40대,2474
2019,4,남구,50대,2497
2019,4,남구,60대,1886
2019,4,남구,70대,1540
2019,4,동구,10대,1014
2019,4,동구,20대,992
2019,4,동구,30대,1220
2019,4,동구,40대,1396
2019,4,동구,50대,1622
2019,4,동구,60대,1271
2019,4,동구,70대,1076
2019,4,동래구,10대,3763
2019,4,동래구,20대,2488
2019,4,동래구,30대,2771
2019,4,동래구,40대,3335
2019,4,동래구,50대,3583
2019,4,동래구,60대,2569
2019,4,동래구,70대,1926
2019,4,부산진구,10대,3236
2019,4,부산진구,20대,3304
2019,4,부산진구,30대,2945
2019,4,부산진구,40대,3025
2019,4,부산진구,50대,3287
2019,4,부산진구,60대,2364
2019,4,부산진구,70대,1932
2019,4,북구,10대,4294
2019,4,북구,20대,2914
2019,4,북구,30대,2784
2019,4,북구,40대,3514
2019,4,북구,50대,3958
2019,4,북구,60대,2368
2019,4,북구,70대,1741
2019,4,사상구,10대,3433
2019,4,사상구,20대,3305
2019,4,사상구,30대,2992
2019,4,사상구,40대,3451
2019,4,사상구,50대,4151
2019,4,사상구,60대,2441
2019,4,사상구,70대,1528
2019,4,사하구,10대,3795
2019,4,사하구,20대,2700
2019,4,사하구,30대,2829
2019,4,사하구,40대,3197
2019,4,사하구,50대,3569
2019,4,사하구,60대,2347
2019,4,사하구,70대,1685
2019,4,서구,10대,1197
2019,4,서구,20대,1100
2019,4,서구,30대,1053
2019,4,서구,40대,1275
2019,4,서구,50대,1514
2019,4,서구,60대,1237
2019,4,서구,70대,1125
2019,4,수영구,10대,2707
2019,4,수영구,20대,2296
2019,4,수영구,30대,2589
2019,4,수영구,40대,2679
2019,4,수영구,50대,2931
2019,4,수영구,60대,2337
2019,4,수영구,70대,1854
2019,4,연제구,10대,3080
2019,4,연제구,20대,2121
2019,4,연제구,30대,2552
2019,4,연제구,40대,2969
2019,4,연제구,50대,3114
2019,4,연제구,60대,2227
2019,4,연제구,70대,1659
2019,4,영도구,10대,1700
2019,4,영도구,20대,1533
2019,4,영도구,30대,1310
2019,4,영도구,40대,1613
2019,4,영도구,50대,1969
2019,4,영도구,60대,1631
2019,4,영도구,70대,1461
2019,4,중구,10대,889
2019,4,중구,20대,1267
2019,4,중구,30대,1346
2019,4,중구,40대,1487
2019,4,중구,50대,1665
2019,4,중구,60대,1282
2019,4,중구,70대,1008
2019,4,해운대구,10대,4751
2019,4,해운대구,20대,2967
2019,4,해운대구,30대,3504
2019,4,해운대구,40대,4290
2019,4,해운대구,50대,4008
2019,4,해운대구,60대,2571
2019,4,해운대구,70대,2066
2019,5,강서구,10대,2040
2019,5,강서구,20대,1835
2019,5,강서구,30대,3422
2019,5,강서구,40대,2924
2019,5,강서구,50대,2890
2019,5,강서구,60대,1568
2019,5,강서구,70대,906
2019,5,금정구,10대,2491
2019,5,금정구,20대,2516
2019,5,금정구,30대,1809
2019,5,금정구,40대,2176
2019,5,금정구,50대,2559
2019,5,금정구,60대,1783
2019,5,금정구,70대,1384
2019,5,기장군,10대,7031
2019,5,기장군,20대,3035
2019,5,기장군,30대,5911
2019,5,기장군,40대,5653
2019,5,기장군,50대,4807
2019,5,기장군,60대,3382
2019,5,기장군,70대,2729
2019,5,남구,10대,2896
2019,5,남구,20대,2396
2019,5,남구,30대,2088
2019,5,남구,40대,2456
2019,5,남구,50대,2483
2019,5,남구,60대,1869
2019,5,남구,70대,1527
2019,5,동구,10대,1011
2019,5,동구,20대,1002
2019,5,동구,30대,1198
2019,5,동구,40대,1377
2019,5,동구,50대,1600
2019,5,동구,60대,1259
2019,5,동구,70대,1063
2019,5,동래구,10대,3800
2019,5,동래구,20대,2477
2019,5,동래구,30대,2774
2019,5,동래구,40대,3353
2019,5,동래구,50대,3579
2019,5,동래구,60대,2563
2019,5,동래구,70대,1916
2019,5,부산진구,10대,3182
2019,5,부산진구,20대,3277
2019,5,부산진구,30대,2951
2019,5,부산진구,40대,3014
2019,5,부산진구,50대,3274
2019,5,부산진구,60대,2363
2019,5,부산진구,70대,1908
2019,5,북구,10대,4189
2019,5,북구,20대,2898
2019,5,북구,30대,2761
2019,5,북구,40대,3491
2019,5,북구,50대,3923
2019,5,북구,60대,2351
2019,5,북구,70대,1722
2019,5,사상구,10대,3389
2019,5,사상구,20대,3228
2019,5,사상구,30대,2984
2019,5,사상구,40대,3431
2019,5,사상구,50대,4138
2019,5,사상구,60대,2445
2019,5,사상구,70대,1529
2019,5,사하구,10대,3732
2019,5,사하구,20대,2656
2019,5,사하구,30대,2825
2019,5,사하구,40대,3172
2019,5,사하구,50대,3556
2019,5,사하구,60대,2322
2019,5,사하구,70대,1675
2019,5,서구,10대,1175
2019,5,서구,20대,1069
2019,5,서구,30대,1051
2019,5,서구,40대,1268
2019,5,서구,50대,1500
2019,5,서구,60대,1237
2019,5,서구,70대,1113
2019,5,수영구,10대,2690
2019,5,수영구,20대,2320
2019,5,수영구,30대,2587
2019,5,수영구,40대,2667
2019,5,수영구,50대,2910
2019,5,수영구,60대,2335
2019,5,수영구,70대,1842
2019,5,연제구,10대,3023
2019,5,연제구,20대,2115
2019,5,연제구,30대,2505
2019,5,연제구,40대,2915
2019,5,연제구,50대,3064
2019,5,연제구,60대,2181
2019,5,연제구,70대,1632
2019,5,영도구,10대,1665
2019,5,영도구,20대,1445
2019,5,영도구,30대,1309
2019,5,영도구,40대,1611
2019,5,영도구,50대,1947
2019,5,영도구,60대,1620
2019,5,영도구,70대,1450
2019,5,중구,10대,951
2019,5,중구,20대,1263
2019,5,중구,30대,1346
2019,5,중구,40대,1485
2019,5,중구,50대,1646
2019,5,중구,60대,1256
2019,5,중구,70대,988
2019,5,해운대구,10대,4780
2019,5,해운대구,20대,3005
2019,5,해운대구,30대,3479
2019,5,해운대구,40대,4254
2019,5,해운대구,50대,3969
2019,5,해운대구,60대,2545
2019,5,해운대구,70대,2045
2019,6,강서구,10대,2446
2019,6,강서구,20대,1969
2019,6,강서구,30대,3753
2019,6,강서구,40대,3124
2019,6,강서구,50대,3066
2019,6,강서구,60대,1684
2019,6,강서구,70대,963
2019,6,금정구,10대,2496
2019,6,금정구,20대,2485
2019,6,금정구,30대,1825
2019,6,금정구,40대,2197
2019,6,금정구,50대,2591
2019,6,금정구,60대,1808
2019,6,금정구,70대,1415
2019,6,기장군,10대,7121
2019,6,기장군,20대,3115
2019,6,기장군,30대,6026
2019,6,기장군,40대,5706
2019,6,기장군,50대,4865
2019,6,기장군,60대,3426
2019,6,기장군,70대,2786
2019,6,남구,10대,2953
2019,6,남구,20대,2397
2019,6,남구,30대,2119
2019,6,남구,40대,2520
2019,6,남구,50대,2542
2019,6,남구,60대,1932
2019,6,남구,70대,1577
2019,6,동구,10대,1005
2019,6,동구,20대,1012
2019,6,동구,30대,1205
2019,6,동구,40대,1368
2019,6,동구,50대,1601
2019,6,동구,60대,1260
2019,6,동구,70대,1072
2019,6,동래구,10대,3925
2019,6,동래구,20대,2580
2019,6,동래구,30대,2833
2019,6,동래구,40대,3437
2019,6,동래구,50대,3684
2019,6,동래구,60대,2644
2019,6,동래구,70대,1978
2019,6,부산진구,10대,3199
2019,6,부산진구,20대,3285
2019,6,부산진구,30대,2988
2019,6,부산진구,40대,3068
2019,6,부산진구,50대,3328
2019,6,부산진구,60대,2413
2019,6,부산진구,70대,1958
2019,6,북구,10대,4283
2019,6,북구,20대,2992
2019,6,북구,30대,2828
2019,6,북구,40대,3553
2019,6,북구,50대,3990
2019,6,북구,60대,2396
2019,6,북구,70대,1764
2019,6,사상구,10대,3437
2019,6,사상구,20대,3214
2019,6,사상구,30대,3021
2019,6,사상구,40대,3463
2019,6,사상구,50대,4196
2019,6,사상구,60대,2493
2019,6,사상구,70대,1559
2019,6,사하구,10대,3839
2019,6,사하구,20대,2709
2019,6,사하구,30대,2884
2019,6,사하구,40대,3251
2019,6,사하구,50대,3633
2019,6,사하구,60대,2383
2019,6,사하구,70대,1726
2019,6,서구,10대,1230
2019,6,서구,20대,1077
2019,6,서구,30대,1071
2019,6,서구,40대,1304
2019,6,서구,50대,1545
2019,6,서구,60대,1271
2019,6,서구,70대,1148
2019,6,수영구,10대,2795
2019,6,수영구,20대,2428
2019,6,수영구,30대,2679
2019,6,수영구,40대,2768
2019,6,수영구,50대,3015
2019,6,수영구,60대,2407
2019,6,수영구,70대,1892
2019,6,연제구,10대,3119
2019,6,연제구,20대,2142
2019,6,연제구,30대,2552
2019,6,연제구,40대,2957
2019,6,연제구,50대,3112
2019,6,연제구,60대,2222
2019,6,연제구,70대,1675
2019,6,영도구,10대,1642
2019,6,영도구,20대,1421
2019,6,영도구,30대,1319
2019,6,영도구,40대,1638
2019,6,영도구,50대,2002
2019,6,영도구,60대,1651
2019,6,영도구,70대,1482
2019,6,중구,10대,944
2019,6,중구,20대,1280
2019,6,중구,30대,1353
2019,6,중구,40대,1485
2019,6,중구,50대,1668
2019,6,중구,60대,1268
2019,6,중구,70대,1002
2019,6,해운대구,10대,4937
2019,6,해운대구,20대,3178
2019,6,해운대구,30대,3638
2019,6,해운대구,40대,4421
2019,6,해운대구,50대,4126
2019,6,해운대구,60대,2645
2019,6,해운대구,70대,2115
2019,7,강서구,10대,2442
2019,7,강서구,20대,2110
2019,7,강서구,30대,3788
2019,7,강서구,40대,3190
2019,7,강서구,50대,3114
2019,7,강서구,60대,1681
2019,7,강서구,70대,955
2019,7,금정구,10대,2342
2019,7,금정구,20대,2231
2019,7,금정구,30대,1754
2019,7,금정구,40대,2132
2019,7,금정구,50대,2537
2019,7,금정구,60대,1780
2019,7,금정구,70대,1394
2019,7,기장군,10대,6370
2019,7,기장군,20대,2930
2019,7,기장군,30대,5213
2019,7,기장군,40대,5093
2019,7,기장군,50대,4431
2019,7,기장군,60대,3069
2019,7,기장군,70대,2539
2019,7,남구,10대,2829
2019,7,남구,20대,2198
2019,7,남구,30대,2112
2019,7,남구,40대,2515
2019,7,남구,50대,2553
2019,7,남구,60대,1952
2019,7,남구,70대,1600
2019,7,동구,10대,1008
2019,7,동구,20대,1043
2019,7,동구,30대,1210
2019,7,동구,40대,1380
2019,7,동구,50대,1596
2019,7,동구,60대,1276
2019,7,동구,70대,1078
2019,7,동래구,10대,3862
2019,7,동래구,20대,2617
2019,7,동래구,30대,2812
2019,7,동래구,40대,3383
2019,7,동래구,50대,3640
2019,7,동래구,60대,2632
2019,7,동래구,70대,1973
2019,7,부산진구,10대,3164
2019,7,부산진구,20대,3244
2019,7,부산진구,30대,2974
2019,7,부산진구,40대,3043
2019,7,부산진구,50대,3323
2019,7,부산진구,60대,2416
2019,7,부산진구,70대,1964
2019,7,북구,10대,4243
2019,7,북구,20대,2954
2019,7,북구,30대,2758
2019,7,북구,40대,3483
2019,7,북구,50대,3946
2019,7,북구,60대,2401
2019,7,북구,70대,1758
2019,7,사상구,10대,3341
2019,7,사상구,20대,3005
2019,7,사상구,30대,3012
2019,7,사상구,40대,3482
2019,7,사상구,50대,4238
2019,7,사상구,60대,2505
2019,7,사상구,70대,1567
2019,7,사하구,10대,3787
2019,7,사하구,20대,2592
2019,7,사하구,30대,2860
2019,7,사하구,40대,3226
2019,7,사하구,50대,3635
2019,7,사하구,60대,2393
2019,7,사하구,70대,1717
2019,7,서구,10대,1203
2019,7,서구,20대,1009
2019,7,서구,30대,1065
2019,7,서구,40대,1289
2019,7,서구,50대,1535
2019,7,서구,60대,1269
2019,7,서구,70대,1148
2019,7,수영구,10대,2865
2019,7,수영구,20대,2463
2019,7,수영구,30대,2665
2019,7,수영구,40대,2764
2019,7,수영구,50대,3021
2019,7,수영구,60대,2435
2019,7,수영구,70대,1919
2019,7,연제구,10대,3051
2019,7,연제구,20대,2172
2019,7,연제구,30대,2535
2019,7,연제구,40대,2944
2019,7,연제구,50대,3121
2019,7,연제구,60대,2236
2019,7,연제구,70대,1679
2019,7,영도구,10대,1570
2019,7,영도구,20대,1260
2019,7,영도구,30대,1343
2019,7,영도구,40대,1660
2019,7,영도구,50대,2027
2019,7,영도구,60대,1682
2019,7,영도구,70대,1512
2019,7,중구,10대,947
2019,7,중구,20대,1289
2019,7,중구,30대,1322
2019,7,중구,40대,1472
2019,7,중구,50대,1622
2019,7,중구,60대,1236
2019,7,중구,70대,969
2019,7,해운대구,10대,4987
2019,7,해운대구,20대,3250
2019,7,해운대구,30대,3573
2019,7,해운대구,40대,4378
2019,7,해운대구,50대,4084
2019,7,해운대구,60대,2621
2019,7,해운대구,70대,2095
2019,8,강서구,10대,2446
2019,8,강서구,20대,2074
2019,8,강서구,30대,3735
2019,8,강서구,40대,3113
2019,8,강서구,50대,3030
2019,8,강서구,60대,1657
2019,8,강서구,70대,960
2019,8,금정구,10대,2418
2019,8,금정구,20대,2305
2019,8,금정구,30대,1780
2019,8,금정구,40대,2158
2019,8,금정구,50대,2572
2019,8,금정구,60대,1806
2019,8,금정구,70대,1401
2019,8,기장군,10대,7152
2019,8,기장군,20대,3246
2019,8,기장군,30대,6054
2019,8,기장군,40대,5815
2019,8,기장군,50대,4888
2019,8,기장군,60대,3421
2019,8,기장군,70대,2775
2019,8,남구,10대,2856
2019,8,남구,20대,2260
2019,8,남구,30대,2092
2019,8,남구,40대,2480
2019,8,남구,50대,2511
2019,8,남구,60대,1911
2019,8,남구,70대,1568
2019,8,동구,10대,1021
2019,8,동구,20대,1073
2019,8,동구,30대,1214
2019,8,동구,40대,1368
2019,8,동구,50대,1586
2019,8,동구,60대,1266
2019,8,동구,70대,1076
2019,8,동래구,10대,3741
2019,8,동래구,20대,2572
2019,8,동래구,30대,2761
2019,8,동래구,40대,3317
2019,8,동래구,50대,3578
2019,8,동래구,60대,2587
2019,8,동래구,70대,1946
2019,8,부산진구,10대,3219
2019,8,부산진구,20대,3335
2019,8,부산진구,30대,2969
2019,8,부산진구,40대,3029
2019,8,부산진구,50대,3295
2019,8,부산진구,60대,2398
2019,8,부산진구,70대,1950
2019,8,북구,10대,4123
2019,8,북구,20대,2956
2019,8,북구,30대,2754
2019,8,북구,40대,3447
2019,8,북구,50대,3917
2019,8,북구,60대,2368
2019,8,북구,70대,1737
2019,8,사상구,10대,3316
2019,8,사상구,20대,3038
2019,8,사상구,30대,2950
2019,8,사상구,40대,3395
2019,8,사상구,50대,4110
2019,8,사상구,60대,2445
2019,8,사상구,70대,1535
2019,8,사하구,10대,3742
2019,8,사하구,20대,2619
2019,8,사하구,30대,2849
2019,8,사하구,40대,3197
2019,8,사하구,50대,3600
2019,8,사하구,60대,2376
2019,8,사하구,70대,1718
2019,8,서구,10대,1158
2019,8,서구,20대,1037
2019,8,서구,30대,1056
2019,8,서구,40대,1268
2019,8,서구,50대,1512
2019,8,서구,60대,1242
2019,8,서구,70대,1125
2019,8,수영구,10대,2806
2019,8,수영구,20대,2532
2019,8,수영구,30대,2659
2019,8,수영구,40대,2732
2019,8,수영구,50대,2984
2019,8,수영구,60대,2396
2019,8,수영구,70대,1886
2019,8,연제구,10대,3083
2019,8,연제구,20대,2196
2019,8,연제구,30대,2533
2019,8,연제구,40대,2961
2019,8,연제구,50대,3114
2019,8,연제구,60대,2244
2019,8,연제구,70대,1684
2019,8,영도구,10대,1656
2019,8,영도구,20대,1401
2019,8,영도구,30대,1340
2019,8,영도구,40대,1652
2019,8,영도구,50대,2022
2019,8,영도구,60대,1686
2019,8,영도구,70대,1477
2019,8,중구,10대,1036
2019,8,중구,20대,1396
2019,8,중구,30대,1357
2019,8,중구,40대,1500
2019,8,중구,50대,1656
2019,8,중구,60대,1258
2019,8,중구,70대,998
2019,8,해운대구,10대,5069
2019,8,해운대구,20대,3371
2019,8,해운대구,30대,3687
2019,8,해운대구,40대,4453
2019,8,해운대구,50대,4111
2019,8,해운대구,60대,2628
2019,8,해운대구,70대,2092
2019,9,강서구,10대,2449
2019,9,강서구,20대,1980
2019,9,강서구,30대,3786
2019,9,강서구,40대,3174
2019,9,강서구,50대,3011
2019,9,강서구,60대,1683
2019,9,강서구,70대,946
2019,9,금정구,10대,2620
2019,9,금정구,20대,2653
2019,9,금정구,30대,1845
2019,9,금정구,40대,2208
2019,9,금정구,50대,2578
2019,9,금정구,60대,1830
2019,9,금정구,70대,1408
2019,9,기장군,10대,7084
2019,9,기장군,20대,3096
2019,9,기장군,30대,6098
2019,9,기장군,40대,5819
2019,9,기장군,50대,4849
2019,9,기장군,60대,3372
2019,9,기장군,70대,2711
2019,9,남구,10대,3099
2019,9,남구,20대,2551
2019,9,남구,30대,2142
2019,9,남구,40대,2567
2019,9,남구,50대,2570
2019,9,남구,60대,1954
2019,9,남구,70대,1578
2019,9,동구,10대,1062
2019,9,동구,20대,1017
2019,9,동구,30대,1227
2019,9,동구,40대,1393
2019,9,동구,50대,1595
2019,9,동구,60대,1266
2019,9,동구,70대,1076
2019,9,동래구,10대,3897
2019,9,동래구,20대,2524
2019,9,동래구,30대,2865
2019,9,동래구,40대,3454
2019,9,동래구,50대,3696
2019,9,동래구,60대,2675
2019,9,동래구,70대,1980
2019,9,부산진구,10대,3429
2019,9,부산진구,20대,3461
2019,9,부산진구,30대,3091
2019,9,부산진구,40대,3190
2019,9,부산진구,50대,3417
2019,9,부산진구,60대,2514
2019,9,부산진구,70대,1998
2019,9,북구,10대,4247
2019,9,북구,20대,2941
2019,9,북구,30대,2866
2019,9,북구,40대,3570
2019,9,북구,50대,4020
2019,9,북구,60대,2409
2019,9,북구,70대,1736
2019,9,사상구,10대,3444
2019,9,사상구,20대,3249
2019,9,사상구,30대,3011
2019,9,사상구,40대,3439
2019,9,사상구,50대,4129
2019,9,사상구,60대,2470
2019,9,사상구,70대,1560
2019,9,사하구,10대,3900
2019,9,사하구,20대,2749
2019,9,사하구,30대,2946
2019,9,사하구,40대,3293
2019,9,사하구,50대,3666
2019,9,사하구,60대,2420
2019,9,사하구,70대,1734
2019,9,서구,10대,1335
2019,9,서구,20대,1171
2019,9,서구,30대,1155
2019,9,서구,40대,1388
2019,9,서구,50대,1628
2019,9,서구,60대,1346
2019,9,서구,70대,1211
2019,9,수영구,10대,2753
2019,9,수영구,20대,2280
2019,9,수영구,30대,2645
2019,9,수영구,40대,2752
2019,9,수영구,50대,3022
2019,9,수영구,60대,2449
2019,9,수영구,70대,1902
2019,9,연제구,10대,3131
2019,9,연제구,20대,2174
2019,9,연제구,30대,2659
2019,9,연제구,40대,3102
2019,9,연제구,50대,3201
2019,9,연제구,60대,2329
2019,9,연제구,70대,1736
2019,9,영도구,10대,1836
2019,9,영도구,20대,1611
2019,9,영도구,30대,1371
2019,9,영도구,40대,1706
2019,9,영도구,50대,2036
2019,9,영도구,60대,1688
2019,9,영도구,70대,1493
2019,9,중구,10대,841
2019,9,중구,20대,1191
2019,9,중구,30대,1232
2019,9,중구,40대,1350
2019,9,중구,50대,1503
2019,9,중구,60대,1140
2019,9,중구,70대,880
2019,9,해운대구,10대,4897
2019,9,해운대구,20대,3029
2019,9,해운대구,30대,3616
2019,9,해운대구,40대,4413
2019,9,해운대구,50대,4152
2019,9,해운대구,60대,2664
2019,9,해운대구,70대,2099
2019,10,강서구,10대,2501
2019,10,강서구,20대,2044
2019,10,강서구,30대,3947
2019,10,강서구,40대,3342
2019,10,강서구,50대,3206
2019,10,강서구,60대,1768
2019,10,강서구,70대,968
2019,10,금정구,10대,2545
2019,10,금정구,20대,2581
2019,10,금정구,30대,1812
2019,10,금정구,40대,2178
2019,10,금정구,50대,2587
2019,10,금정구,60대,1809
2019,10,금정구,70대,1408
2019,10,기장군,10대,7305
2019,10,기장군,20대,3164
2019,10,기장군,30대,6150
2019,10,기장군,40대,5855
2019,10,기장군,50대,4915
2019,10,기장군,60대,3402
2019,10,기장군,70대,2772
2019,10,남구,10대,3060
2019,10,남구,20대,2533
2019,10,남구,30대,2154
2019,10,남구,40대,2566
2019,10,남구,50대,2580
2019,10,남구,60대,1944
2019,10,남구,70대,1576
2019,10,동구,10대,1046
2019,10,동구,20대,1020
2019,10,동구,30대,1224
2019,10,동구,40대,1399
2019,10,동구,50대,1619
2019,10,동구,60대,1279
2019,10,동구,70대,1079
2019,10,동래구,10대,3964
2019,10,동래구,20대,2576
2019,10,동래구,30대,2861
2019,10,동래구,40대,3461
2019,10,동래구,50대,3750
2019,10,동래구,60대,2692
2019,10,동래구,70대,2001
2019,10,부산진구,10대,3343
2019,10,부산진구,20대,3420
2019,10,부산진구,30대,3048
2019,10,부산진구,40대,3144
2019,10,부산진구,50대,3396
2019,10,부산진구,60대,2493
2019,10,부산진구,70대,1996
2019,10,북구,10대,4283
2019,10,북구,20대,2933
2019,10,북구,30대,2782
2019,10,북구,40대,3496
2019,10,북구,50대,3949
2019,10,북구,60대,2375
2019,10,북구,70대,1740
2019,10,사상구,10대,3424
2019,10,사상구,20대,3271
2019,10,사상구,30대,2993
2019,10,사상구,40대,3463
2019,10,사상구,50대,4168
2019,10,사상구,60대,2470
2019,10,사상구,70대,1541
2019,10,사하구,10대,3871
2019,10,사하구,20대,2759
2019,10,사하구,30대,2929
2019,10,사하구,40대,3261
2019,10,사하구,50대,3648
2019,10,사하구,60대,2396
2019,10,사하구,70대,1722
2019,10,서구,10대,1313
2019,10,서구,20대,1176
2019,10,서구,30대,1137
2019,10,서구,40대,1376
2019,10,서구,50대,1627
2019,10,서구,60대,1355
2019,10,서구,70대,1221
2019,10,수영구,10대,2672
2019,10,수영구,20대,2297
2019,10,수영구,30대,2588
2019,10,수영구,40대,2659
2019,10,수영구,50대,2934
2019,10,수영구,60대,2345
2019,10,수영구,70대,1858
2019,10,연제구,10대,3118
2019,10,연제구,20대,2150
2019,10,연제구,30대,2556
2019,10,연제구,40대,3028
2019,10,연제구,50대,3116
2019,10,연제구,60대,2240
2019,10,연제구,70대,1679
2019,10,영도구,10대,1723
2019,10,영도구,20대,1499
2019,10,영도구,30대,1324
2019,10,영도구,40대,1655
2019,10,영도구,50대,1995
2019,10,영도구,60대,1654
2019,10,영도구,70대,1482
2019,10,중구,10대,887
2019,10,중구,20대,1210
2019,10,중구,30대,1271
2019,10,중구,40대,1403
2019,10,중구,50대,1569
2019,10,중구,60대,1198
2019,10,중구,70대,908
2019,10,해운대구,10대,5013
2019,10,해운대구,20대,3114
2019,10,해운대구,30대,3587
2019,10,해운대구,40대,4400
2019,10,해운대구,50대,4097
2019,10,해운대구,60대,2616
2019,10,해운대구,70대,2103
2019,11,강서구,10대,2522
2019,11,강서구,20대,2083
2019,11,강서구,30대,3984
2019,11,강서구,40대,3378
2019,11,강서구,50대,3200
2019,11,강서구,60대,1767
2019,11,강서구,70대,972
2019,11,금정구,10대,2508
2019,11,금정구,20대,2527
2019,11,금정구,30대,1808
2019,11,금정구,40대,2179
2019,11,금정구,50대,2591
2019,11,금정구,60대,1824
2019,11,금정구,70대,1404
2019,11,기장군,10대,7131
2019,11,기장군,20대,3113
2019,11,기장군,30대,6047
2019,11,기장군,40대,5731
2019,11,기장군,50대,4826
2019,11,기장군,60대,3352
2019,11,기장군,70대,2743
2019,11,남구,10대,3013
2019,11,남구,20대,2439
2019,11,남구,30대,2127
2019,11,남구,40대,2543
2019,11,남구,50대,2529
2019,11,남구,60대,1926
2019,11,남구,70대,1574
2019,11,동구,10대,1016
2019,11,동구,20대,1037
2019,11,동구,30대,1228
2019,11,동구,40대,1409
2019,11,동구,50대,1604
2019,11,동구,60대,1284
2019,11,동구,70대,1070
2019,11,동래구,10대,3846
2019,11,동래구,20대,2502
2019,11,동래구,30대,2779
2019,11,동래구,40대,3373
2019,11,동래구,50대,3606
2019,11,동래구,60대,2599
2019,11,동래구,70대,1944
2019,11,부산진구,10대,3317
2019,11,부산진구,20대,3425
2019,11,부산진구,30대,3045
2019,11,부산진구,40대,3144
2019,11,부산진구,50대,3385
2019,11,부산진구,60대,2487
2019,11,부산진구,70대,1986
2019,11,북구,10대,4205
2019,11,북구,20대,2907
2019,11,북구,30대,2754
2019,11,북구,40대,3470
2019,11,북구,50대,3902
2019,11,북구,60대,2374
2019,11,북구,70대,1717
2019,11,사상구,10대,3411
2019,11,사상구,20대,3210
2019,11,사상구,30대,2989
2019,11,사상구,40대,3445
2019,11,사상구,50대,4158
2019,11,사상구,60대,2471
2019,11,사상구,70대,1558
2019,11,사하구,10대,3841
2019,11,사하구,20대,2683
2019,11,사하구,30대,2868
2019,11,사하구,40대,3236
2019,11,사하구,50대,3615
2019,11,사하구,60대,2381
2019,11,사하구,70대,1718
2019,11,서구,10대,1272
2019,11,서구,20대,1142
2019,11,서구,30대,1128
2019,11,서구,40대,1366
2019,11,서구,50대,1619
2019,11,서구,60대,1354
2019,11,서구,70대,1210
2019,11,수영구,10대,2672
2019,11,수영구,20대,2249
2019,11,수영구,30대,2568
2019,11,수영구,40대,2647
2019,11,수영구,50대,2902
2019,11,수영구,60대,2379
2019,11,수영구,70대,1865
2019,11,연제구,10대,3113
2019,11,연제구,20대,2169
2019,11,연제구,30대,2595
2019,11,연제구,40대,2997
2019,11,연제구,50대,3155
2019,11,연제구,60대,2254
2019,11,연제구,70대,1691
2019,11,영도구,10대,1670
2019,11,영도구,20대,1448
2019,11,영도구,30대,1318
2019,11,영도구,40대,1648
2019,11,영도구,50대,1978
2019,11,영도구,60대,1652
2019,11,영도구,70대,1474
2019,11,중구,10대,889
2019,11,중구,20대,1223
2019,11,중구,30대,1286
2019,11,중구,40대,1428
2019,11,중구,50대,1586
2019,11,중구,60대,1219
2019,11,중구,70대,926
2019,11,해운대구,10대,5009
2019,11,해운대구,20대,3123
2019,11,해운대구,30대,3599
2019,11,해운대구,40대,4397
2019,11,해운대구,50대,4093
2019,11,해운대구,60대,2628
2019,11,해운대구,70대,2105
2019,12,강서구,10대,2549
2019,12,강서구,20대,2081
2019,12,강서구,30대,3943
2019,12,강서구,40대,3332
2019,12,강서구,50대,3136
2019,12,강서구,60대,1752
2019,12,강서구,70대,979
2019,12,금정구,10대,2466
2019,12,금정구,20대,2463
2019,12,금정구,30대,1823
2019,12,금정구,40대,2187
2019,12,금정구,50대,2625
2019,12,금정구,60대,1881
2019,12,금정구,70대,1431
2019,12,기장군,10대,7107
2019,12,기장군,20대,3130
2019,12,기장군,30대,6004
2019,12,기장군,40대,5661
2019,12,기장군,50대,4762
2019,12,기장군,60대,3309
2019,12,기장군,70대,2688
2019,12,남구,10대,2993
2019,12,남구,20대,2371
2019,12,남구,30대,2160
2019,12,남구,40대,2582
2019,12,남구,50대,2576
2019,12,남구,60대,1993
2019,12,남구,70대,1597
2019,12,동구,10대,1038
2019,12,동구,20대,1039
2019,12,동구,30대,1228
2019,12,동구,40대,1422
2019,12,동구,50대,1618
2019,12,동구,60대,1313
2019,12,동구,70대,1092
2019,12,동래구,10대,3840
2019,12,동래구,20대,2566
2019,12,동래구,30대,2795
2019,12,동래구,40대,3405
2019,12,동래구,50대,3658
2019,12,동래구,60대,2649
2019,12,동래구,70대,1960
2019,12,부산진구,10대,3287
2019,12,부산진구,20대,3382
2019,12,부산진구,30대,3032
2019,12,부산진구,40대,3121
2019,12,부산진구,50대,3370
2019,12,부산진구,60대,2474
2019,12,부산진구,70대,1975
2019,12,북구,10대,4210
2019,12,북구,20대,2917
2019,12,북구,30대,2783
2019,12,북구,40대,3480
2019,12,북구,50대,3969
2019,12,북구,60대,2411
2019,12,북구,70대,1730
2019,12,사상구,10대,3397
2019,12,사상구,20대,3111
2019,12,사상구,30대,2984
2019,12,사상구,40대,3428
2019,12,사상구,50대,4160
2019,12,사상구,60대,2490
2019,12,사상구,70대,1566
2019,12,사하구,10대,3855
2019,12,사하구,20대,2687
2019,12,사하구,30대,2892
2019,12,사하구,40대,3264
2019,12,사하구,50대,3657
2019,12,사하구,60대,2438
2019,12,사하구,70대,1753
2019,12,서구,10대,1269
2019,12,서구,20대,1125
2019,12,서구,30대,1128
2019,12,서구,40대,1375
2019,12,서구,50대,1642
2019,12,서구,60대,1375
2019,12,서구,70대,1229
2019,12,수영구,10대,2740
2019,12,수영구,20대,2343
2019,12,수영구,30대,2618
2019,12,수영구,40대,2725
2019,12,수영구,50대,3020
2019,12,수영구,60대,2481
2019,12,수영구,70대,1938
2019,12,연제구,10대,3091
2019,12,연제구,20대,2169
2019,12,연제구,30대,2576
2019,12,연제구,40대,2981
2019,12,연제구,50대,3197
2019,12,연제구,60대,2309
2019,12,연제구,70대,1720
2019,12,영도구,10대,1665
2019,12,영도구,20대,1398
2019,12,영도구,30대,1320
2019,12,영도구,40대,1644
2019,12,영도구,50대,1993
2019,12,영도구,60대,1678
2019,12,영도구,70대,1483
2019,12,중구,10대,1013
2019,12,중구,20대,1291
2019,12,중구,30대,1350
2019,12,중구,40대,1491
2019,12,중구,50대,1667
2019,12,중구,60대,1261
2019,12,중구,70대,953
2019,12,해운대구,10대,5041
2019,12,해운대구,20대,3199
2019,12,해운대구,30대,3651
2019,12,해운대구,40대,4442
2019,12,해운대구,50대,4158
2019,12,해운대구,60대,2686
2019,12,해운대구,70대,2144
2020,1,강서구,10대,2465
2020,1,강서구,20대,1991
2020,1,강서구,30대,3765
2020,1,강서구,40대,3392
2020,1,강서구,50대,3021
2020,1,강서구,60대,1915
2020,1,강서구,70대,1049
2020,1,금정구,10대,2087
2020,1,금정구,20대,2334
2020,1,금정구,30대,1818
2020,1,금정구,40대,2175
2020,1,금정구,50대,2567
2020,1,금정구,60대,2046
2020,1,금정구,70대,1581
2020,1,기장군,10대,6910
2020,1,기장군,20대,3302
2020,1,기장군,30대,5641
2020,1,기장군,40대,5985
2020,1,기장군,50대,4789
2020,1,기장군,60대,3651
2020,1,기장군,70대,2976
2020,1,남구,10대,2606
2020,1,남구,20대,2278
2020,1,남구,30대,2099
2020,1,남구,40대,2615
2020,1,남구,50대,2534
2020,1,남구,60대,2169
2020,1,남구,70대,1769
2020,1,동구,10대,920
2020,1,동구,20대,1042
2020,1,동구,30대,1203
2020,1,동구,40대,1397
2020,1,동구,50대,1523
2020,1,동구,60대,1385
2020,1,동구,70대,1176
2020,1,동래구,10대,3542
2020,1,동래구,20대,2716
2020,1,동래구,30대,2760
2020,1,동래구,40대,3422
2020,1,동래구,50대,3592
2020,1,동래구,60대,2887
2020,1,동래구,70대,2165
2020,1,부산진구,10대,2921
2020,1,부산진구,20대,3328
2020,1,부산진구,30대,2997
2020,1,부산진구,40대,3137
2020,1,부산진구,50대,3287
2020,1,부산진구,60대,2675
2020,1,부산진구,70대,2149
2020,1,북구,10대,3891
2020,1,북구,20대,3115
2020,1,북구,30대,2810
2020,1,북구,40대,3460
2020,1,북구,50대,3990
2020,1,북구,60대,2711
2020,1,북구,70대,1928
2020,1,사상구,10대,3114
2020,1,사상구,20대,3006
2020,1,사상구,30대,2970
2020,1,사상구,40대,3389
2020,1,사상구,50대,4137
2020,1,사상구,60대,2772
2020,1,사상구,70대,1742
2020,1,사하구,10대,3524
2020,1,사하구,20대,2683
2020,1,사하구,30대,2855
2020,1,사하구,40대,3245
2020,1,사하구,50대,3621
2020,1,사하구,60대,2743
2020,1,사하구,70대,1933
2020,1,서구,10대,1142
2020,1,서구,20대,1076
2020,1,서구,30대,1111
2020,1,서구,40대,1369
2020,1,서구,50대,1593
2020,1,서구,60대,1463
2020,1,서구,70대,1337
2020,1,수영구,10대,2504
2020,1,수영구,20대,2378
2020,1,수영구,30대,2589
2020,1,수영구,40대,2746
2020,1,수영구,50대,2921
2020,1,수영구,60대,2666
2020,1,수영구,70대,2126
2020,1,연제구,10대,2850
2020,1,연제구,20대,2223
2020,1,연제구,30대,2532
2020,1,연제구,40대,3038
2020,1,연제구,50대,3137
2020,1,연제구,60대,2508
2020,1,연제구,70대,1903
2020,1,영도구,10대,1485
2020,1,영도구,20대,1300
2020,1,영도구,30대,1319
2020,1,영도구,40대,1679
2020,1,영도구,50대,1946
2020,1,영도구,60대,1799
2020,1,영도구,70대,1641
2020,1,중구,10대,843
2020,1,중구,20대,1231
2020,1,중구,30대,1251
2020,1,중구,40대,1428
2020,1,중구,50대,1545
2020,1,중구,60대,1290
2020,1,중구,70대,1022
2020,1,해운대구,10대,4571
2020,1,해운대구,20대,3322
2020,1,해운대구,30대,3455
2020,1,해운대구,40대,4359
2020,1,해운대구,50대,4154
2020,1,해운대구,60대,2919
2020,1,해운대구,70대,2313
2020,2,강서구,10대,2532
2020,2,강서구,20대,2010
2020,2,강서구,30대,3931
2020,2,강서구,40대,3387
2020,2,강서구,50대,3135
2020,2,강서구,60대,1814
2020,2,강서구,70대,987
2020,2,금정구,10대,2410
2020,2,금정구,20대,2372
2020,2,금정구,30대,1817
2020,2,금정구,40대,2196
2020,2,금정구,50대,2621
2020,2,금정구,60대,1927
2020,2,금정구,70대,1469
2020,2,기장군,10대,7329
2020,2,기장군,20대,3267
2020,2,기장군,30대,6194
2020,2,기장군,40대,5841
2020,2,기장군,50대,4875
2020,2,기장군,60대,3438
2020,2,기장군,70대,2760
2020,2,남구,10대,2975
2020,2,남구,20대,2349
2020,2,남구,30대,2156
2020,2,남구,40대,2616
2020,2,남구,50대,2602
2020,2,남구,60대,2037
2020,2,남구,70대,1639
2020,2,동구,10대,986
2020,2,동구,20대,1013
2020,2,동구,30대,1207
2020,2,동구,40대,1366
2020,2,동구,50대,1571
2020,2,동구,60대,1289
2020,2,동구,70대,1083
2020,2,동래구,10대,3799
2020,2,동래구,20대,2625
2020,2,동래구,30대,2764
2020,2,동래구,40대,3399
2020,2,동래구,50대,3643
2020,2,동래구,60대,2660
2020,2,동래구,70대,1971
2020,2,부산진구,10대,3218
2020,2,부산진구,20대,3252
2020,2,부산진구,30대,2975
2020,2,부산진구,40대,3071
2020,2,부산진구,50대,3334
2020,2,부산진구,60대,2456
2020,2,부산진구,70대,1961
2020,2,북구,10대,4292
2020,2,북구,20대,3061
2020,2,북구,30대,2832
2020,2,북구,40대,3550
2020,2,북구,50대,4037
2020,2,북구,60대,2483
2020,2,북구,70대,1784
2020,2,사상구,10대,3450
2020,2,사상구,20대,3086
2020,2,사상구,30대,3010
2020,2,사상구,40대,3476
2020,2,사상구,50대,4211
2020,2,사상구,60대,2543
2020,2,사상구,70대,1585
2020,2,사하구,10대,3915
2020,2,사하구,20대,2731
2020,2,사하구,30대,2928
2020,2,사하구,40대,3305
2020,2,사하구,50대,3702
2020,2,사하구,60대,2506
2020,2,사하구,70대,1773
2020,2,서구,10대,1232
2020,2,서구,20대,1112
2020,2,서구,30대,1120
2020,2,서구,40대,1359
2020,2,서구,50대,1638
2020,2,서구,60대,1372
2020,2,서구,70대,1233
2020,2,수영구,10대,2761
2020,2,수영구,20대,2396
2020,2,수영구,30대,2636
2020,2,수영구,40대,2747
2020,2,수영구,50대,3011
2020,2,수영구,60대,2509
2020,2,수영구,70대,1965
2020,2,연제구,10대,3126
2020,2,연제구,20대,2213
2020,2,연제구,30대,2583
2020,2,연제구,40대,3044
2020,2,연제구,50대,3194
2020,2,연제구,60대,2331
2020,2,연제구,70대,1738
2020,2,영도구,10대,1701
2020,2,영도구,20대,1381
2020,2,영도구,30대,1333
2020,2,영도구,40대,1665
2020,2,영도구,50대,2011
2020,2,영도구,60대,1704
2020,2,영도구,70대,1513
2020,2,중구,10대,818
2020,2,중구,20대,1148
2020,2,중구,30대,1198
2020,2,중구,40대,1326
2020,2,중구,50대,1523
2020,2,중구,60대,1177
2020,2,중구,70대,904
2020,2,해운대구,10대,5002
2020,2,해운대구,20대,3142
2020,2,해운대구,30대,3522
2020,2,해운대구,40대,4387
2020,2,해운대구,50대,4155
2020,2,해운대구,60대,2703
2020,2,해운대구,70대,2149
2020,3,강서구,10대,2498
2020,3,강서구,20대,1953
2020,3,강서구,30대,3935
2020,3,강서구,40대,3393
2020,3,강서구,50대,3142
2020,3,강서구,60대,1841
2020,3,강서구,70대,994
2020,3,금정구,10대,2390
2020,3,금정구,20대,2448
2020,3,금정구,30대,1846
2020,3,금정구,40대,2229
2020,3,금정구,50대,2682
2020,3,금정구,60대,1963
2020,3,금정구,70대,1507
2020,3,기장군,10대,7217
2020,3,기장군,20대,3277
2020,3,기장군,30대,6272
2020,3,기장군,40대,5860
2020,3,기장군,50대,4883
2020,3,기장군,60대,3479
2020,3,기장군,70대,2786
2020,3,남구,10대,2954
2020,3,남구,20대,2347
2020,3,남구,30대,2164
2020,3,남구,40대,2641
2020,3,남구,50대,2645
2020,3,남구,60대,2042
2020,3,남구,70대,1633
2020,3,동구,10대,950
2020,3,동구,20대,938
2020,3,동구,30대,1166
2020,3,동구,40대,1325
2020,3,동구,50대,1535
2020,3,동구,60대,1271
2020,3,동구,70대,1072
2020,3,동래구,10대,3721
2020,3,동래구,20대,2662
2020,3,동래구,30대,2776
2020,3,동래구,40대,3427
2020,3,동래구,50대,3682
2020,3,동래구,60대,2698
2020,3,동래구,70대,1999
2020,3,부산진구,10대,3104
2020,3,부산진구,20대,3061
2020,3,부산진구,30대,2908
2020,3,부산진구,40대,3026
2020,3,부산진구,50대,3318
2020,3,부산진구,60대,2431
2020,3,부산진구,70대,1919
2020,3,북구,10대,4327
2020,3,북구,20대,3114
2020,3,북구,30대,2871
2020,3,북구,40대,3581
2020,3,북구,50대,4067
2020,3,북구,60대,2485
2020,3,북구,70대,1775
2020,3,사상구,10대,3463
2020,3,사상구,20대,3120
2020,3,사상구,30대,3025
2020,3,사상구,40대,3456
2020,3,사상구,50대,4214
2020,3,사상구,60대,2505
2020,3,사상구,70대,1558
2020,3,사하구,10대,3909
2020,3,사하구,20대,2779
2020,3,사하구,30대,2958
2020,3,사하구,40대,3321
2020,3,사하구,50대,3742
2020,3,사하구,60대,2517
2020,3,사하구,70대,1781
2020,3,서구,10대,1202
2020,3,서구,20대,1119
2020,3,서구,30대,1137
2020,3,서구,40대,1382
2020,3,서구,50대,1651
2020,3,서구,60대,1364
2020,3,서구,70대,1241
2020,3,수영구,10대,2737
2020,3,수영구,20대,2335
2020,3,수영구,30대,2623
2020,3,수영구,40대,2735
2020,3,수영구,50대,3018
2020,3,수영구,60대,2511
2020,3,수영구,70대,1965
2020,3,연제구,10대,3076
2020,3,연제구,20대,2224
2020,3,연제구,30대,2571
2020,3,연제구,40대,3018
2020,3,연제구,50대,3144
2020,3,연제구,60대,2277
2020,3,연제구,70대,1673
2020,3,영도구,10대,1686
2020,3,영도구,20대,1476
2020,3,영도구,30대,1353
2020,3,영도구,40대,1678
2020,3,영도구,50대,2030
2020,3,영도구,60대,1698
2020,3,영도구,70대,1501
2020,3,중구,10대,691
2020,3,중구,20대,1027
2020,3,중구,30대,1114
2020,3,중구,40대,1243
2020,3,중구,50대,1448
2020,3,중구,60대,1126
2020,3,중구,70대,856
2020,3,해운대구,10대,4870
2020,3,해운대구,20대,3035
2020,3,해운대구,30대,3438
2020,3,해운대구,40대,4354
2020,3,해운대구,50대,4132
2020,3,해운대구,60대,2685
2020,3,해운대구,70대,2140
2020,4,강서구,10대,2573
2020,4,강서구,20대,1934
2020,4,강서구,30대,3883
2020,4,강서구,40대,3364
2020,4,강서구,50대,3109
2020,4,강서구,60대,1839
2020,4,강서구,70대,995
2020,4,금정구,10대,2461
2020,4,금정구,20대,2591
2020,4,금정구,30대,1867
2020,4,금정구,40대,2246
2020,4,금정구,50대,2698
2020,4,금정구,60대,1985
2020,4,금정구,70대,1511
2020,4,기장군,10대,7354
2020,4,기장군,20대,3300
2020,4,기장군,30대,6332
2020,4,기장군,40대,5975
2020,4,기장군,50대,5047
2020,4,기장군,60대,3560
2020,4,기장군,70대,2823
2020,4,남구,10대,3041
2020,4,남구,20대,2426
2020,4,남구,30대,2166
2020,4,남구,40대,2634
2020,4,남구,50대,2631
2020,4,남구,60대,2040
2020,4,남구,70대,1623
2020,4,동구,10대,952
2020,4,동구,20대,943
2020,4,동구,30대,1161
2020,4,동구,40대,1319
2020,4,동구,50대,1548
2020,4,동구,60대,1277
2020,4,동구,70대,1077
2020,4,동래구,10대,3881
2020,4,동래구,20대,2668
2020,4,동래구,30대,2791
2020,4,동래구,40대,3430
2020,4,동래구,50대,3662
2020,4,동래구,60대,2713
2020,4,동래구,70대,1996
2020,4,부산진구,10대,3220
2020,4,부산진구,20대,3218
2020,4,부산진구,30대,2990
2020,4,부산진구,40대,3076
2020,4,부산진구,50대,3374
2020,4,부산진구,60대,2468
2020,4,부산진구,70대,1955
2020,4,북구,10대,4348
2020,4,북구,20대,3113
2020,4,북구,30대,2878
2020,4,북구,40대,3608
2020,4,북구,50대,4081
2020,4,북구,60대,2515
2020,4,북구,70대,1785
2020,4,사상구,10대,3538
2020,4,사상구,20대,3195
2020,4,사상구,30대,3049
2020,4,사상구,40대,3483
2020,4,사상구,50대,4218
2020,4,사상구,60대,2517
2020,4,사상구,70대,1571
2020,4,사하구,10대,4012
2020,4,사하구,20대,2794
2020,4,사하구,30대,2971
2020,4,사하구,40대,3352
2020,4,사하구,50대,3765
2020,4,사하구,60대,2552
2020,4,사하구,70대,1804
2020,4,서구,10대,1252
2020,4,서구,20대,1156
2020,4,서구,30대,1157
2020,4,서구,40대,1392
2020,4,서구,50대,1662
2020,4,서구,60대,1394
2020,4,서구,70대,1257
2020,4,수영구,10대,2771
2020,4,수영구,20대,2414
2020,4,수영구,30대,2663
2020,4,수영구,40대,2750
2020,4,수영구,50대,3027
2020,4,수영구,60대,2527
2020,4,수영구,70대,1975
2020,4,연제구,10대,3186
2020,4,연제구,20대,2234
2020,4,연제구,30대,2609
2020,4,연제구,40대,3045
2020,4,연제구,50대,3166
2020,4,연제구,60대,2313
2020,4,연제구,70대,1702
2020,4,영도구,10대,1732
2020,4,영도구,20대,1507
2020,4,영도구,30대,1352
2020,4,영도구,40대,1680
2020,4,영도구,50대,2031
2020,4,영도구,60대,1692
2020,4,영도구,70대,1499
2020,4,중구,10대,731
2020,4,중구,20대,1066
2020,4,중구,30대,1158
2020,4,중구,40대,1285
2020,4,중구,50대,1501
2020,4,중구,60대,1160
2020,4,중구,70대,886
2020,4,해운대구,10대,4998
2020,4,해운대구,20대,3050
2020,4,해운대구,30대,3502
2020,4,해운대구,40대,4367
2020,4,해운대구,50대,4104
2020,4,해운대구,60대,2688
2020,4,해운대구,70대,2126
2020,5,강서구,10대,2541
2020,5,강서구,20대,1854
2020,5,강서구,30대,3711
2020,5,강서구,40대,3162
2020,5,강서구,50대,2950
2020,5,강서구,60대,1742
2020,5,강서구,70대,973
2020,5,금정구,10대,2478
2020,5,금정구,20대,2554
2020,5,금정구,30대,1865
2020,5,금정구,40대,2221
2020,5,금정구,50대,2658
2020,5,금정구,60대,1927
2020,5,금정구,70대,1472
2020,5,기장군,10대,7649
2020,5,기장군,20대,3423
2020,5,기장군,30대,6492
2020,5,기장군,40대,6138
2020,5,기장군,50대,5160
2020,5,기장군,60대,3601
2020,5,기장군,70대,2866
2020,5,남구,10대,3020
2020,5,남구,20대,2402
2020,5,남구,30대,2167
2020,5,남구,40대,2582
2020,5,남구,50대,2611
2020,5,남구,60대,1982
2020,5,남구,70대,1598
2020,5,동구,10대,981
2020,5,동구,20대,963
2020,5,동구,30대,1164
2020,5,동구,40대,1321
2020,5,동구,50대,1545
2020,5,동구,60대,1269
2020,5,동구,70대,1074
2020,5,동래구,10대,3909
2020,5,동래구,20대,2668
2020,5,동래구,30대,2803
2020,5,동래구,40대,3424
2020,5,동래구,50대,3677
2020,5,동래구,60대,2670
2020,5,동래구,70대,1985
2020,5,부산진구,10대,3268
2020,5,부산진구,20대,3269
2020,5,부산진구,30대,2996
2020,5,부산진구,40대,3070
2020,5,부산진구,50대,3350
2020,5,부산진구,60대,2427
2020,5,부산진구,70대,1946
2020,5,북구,10대,4392
2020,5,북구,20대,3164
2020,5,북구,30대,2897
2020,5,북구,40대,3585
2020,5,북구,50대,4054
2020,5,북구,60대,2476
2020,5,북구,70대,1768
2020,5,사상구,10대,3532
2020,5,사상구,20대,3211
2020,5,사상구,30대,3042
2020,5,사상구,40대,3454
2020,5,사상구,50대,4176
2020,5,사상구,60대,2490
2020,5,사상구,70대,1572
2020,5,사하구,10대,3983
2020,5,사하구,20대,2750
2020,5,사하구,30대,2920
2020,5,사하구,40대,3296
2020,5,사하구,50대,3676
2020,5,사하구,60대,2463
2020,5,사하구,70대,1756
2020,5,서구,10대,1279
2020,5,서구,20대,1137
2020,5,서구,30대,1150
2020,5,서구,40대,1382
2020,5,서구,50대,1652
2020,5,서구,60대,1367
2020,5,서구,70대,1228
2020,5,수영구,10대,2788
2020,5,수영구,20대,2464
2020,5,수영구,30대,2677
2020,5,수영구,40대,2735
2020,5,수영구,50대,3002
2020,5,수영구,60대,2463
2020,5,수영구,70대,1939
2020,5,연제구,10대,3195
2020,5,연제구,20대,2263
2020,5,연제구,30대,2573
2020,5,연제구,40대,2995
2020,5,연제구,50대,3149
2020,5,연제구,60대,2264
2020,5,연제구,70대,1680
2020,5,영도구,10대,1754
2020,5,영도구,20대,1494
2020,5,영도구,30대,1352
2020,5,영도구,40대,1677
2020,5,영도구,50대,2006
2020,5,영도구,60대,1683
2020,5,영도구,70대,1480
2020,5,중구,10대,801
2020,5,중구,20대,1104
2020,5,중구,30대,1182
2020,5,중구,40대,1314
2020,5,중구,50대,1515
2020,5,중구,60대,1167
2020,5,중구,70대,890
2020,5,해운대구,10대,5048
2020,5,해운대구,20대,3099
2020,5,해운대구,30대,3579
2020,5,해운대구,40대,4396
2020,5,해운대구,50대,4134
2020,5,해운대구,60대,2660
2020,5,해운대구,70대,2128
2020,6,강서구,10대,2491
2020,6,강서구,20대,1916
2020,6,강서구,30대,3829
2020,6,강서구,40대,3226
2020,6,강서구,50대,3054
2020,6,강서구,60대,1754
2020,6,강서구,70대,961
2020,6,금정구,10대,2562
2020,6,금정구,20대,2617
2020,6,금정구,30대,1856
2020,6,금정구,40대,2218
2020,6,금정구,50대,2645
2020,6,금정구,60대,1917
2020,6,금정구,70대,1471
2020,6,기장군,10대,7507
2020,6,기장군,20대,3319
2020,6,기장군,30대,6381
2020,6,기장군,40대,6007
2020,6,기장군,50대,5068
2020,6,기장군,60대,3563
2020,6,기장군,70대,2840
2020,6,남구,10대,3038
2020,6,남구,20대,2457
2020,6,남구,30대,2144
2020,6,남구,40대,2555
2020,6,남구,50대,2601
2020,6,남구,60대,1976
2020,6,남구,70대,1602
2020,6,동구,10대,1027
2020,6,동구,20대,971
2020,6,동구,30대,1181
2020,6,동구,40대,1355
2020,6,동구,50대,1588
2020,6,동구,60대,1292
2020,6,동구,70대,1093
2020,6,동래구,10대,3899
2020,6,동래구,20대,2587
2020,6,동래구,30대,2745
2020,6,동래구,40대,3375
2020,6,동래구,50대,3640
2020,6,동래구,60대,2644
2020,6,동래구,70대,1971
2020,6,부산진구,10대,3356
2020,6,부산진구,20대,3321
2020,6,부산진구,30대,2983
2020,6,부산진구,40대,3072
2020,6,부산진구,50대,3354
2020,6,부산진구,60대,2437
2020,6,부산진구,70대,1949
2020,6,북구,10대,4329
2020,6,북구,20대,3067
2020,6,북구,30대,2822
2020,6,북구,40대,3545
2020,6,북구,50대,4002
2020,6,북구,60대,2461
2020,6,북구,70대,1765
2020,6,사상구,10대,3429
2020,6,사상구,20대,3225
2020,6,사상구,30대,3015
2020,6,사상구,40대,3473
2020,6,사상구,50대,4212
2020,6,사상구,60대,2513
2020,6,사상구,70대,1571
2020,6,사하구,10대,3979
2020,6,사하구,20대,2743
2020,6,사하구,30대,2901
2020,6,사하구,40대,3288
2020,6,사하구,50대,3682
2020,6,사하구,60대,2471
2020,6,사하구,70대,1757
2020,6,서구,10대,1289
2020,6,서구,20대,1162
2020,6,서구,30대,1142
2020,6,서구,40대,1378
2020,6,서구,50대,1645
2020,6,서구,60대,1376
2020,6,서구,70대,1222
2020,6,수영구,10대,2770
2020,6,수영구,20대,2441
2020,6,수영구,30대,2626
2020,6,수영구,40대,2707
2020,6,수영구,50대,2977
2020,6,수영구,60대,2434
2020,6,수영구,70대,1905
2020,6,연제구,10대,3180
2020,6,연제구,20대,2214
2020,6,연제구,30대,2572
2020,6,연제구,40대,2979
2020,6,연제구,50대,3146
2020,6,연제구,60대,2277
2020,6,연제구,70대,1706
2020,6,영도구,10대,1740
2020,6,영도구,20대,1501
2020,6,영도구,30대,1342
2020,6,영도구,40대,1667
2020,6,영도구,50대,2009
2020,6,영도구,60대,1680
2020,6,영도구,70대,1495
2020,6,중구,10대,818
2020,6,중구,20대,1097
2020,6,중구,30대,1204
2020,6,중구,40대,1340
2020,6,중구,50대,1531
2020,6,중구,60대,1170
2020,6,중구,70대,893
2020,6,해운대구,10대,5017
2020,6,해운대구,20대,3108
2020,6,해운대구,30대,3588
2020,6,해운대구,40대,4372
2020,6,해운대구,50대,4109
2020,6,해운대구,60대,2654
2020,6,해운대구,70대,2129
2020,7,강서구,10대,2507
2020,7,강서구,20대,1977
2020,7,강서구,30대,3811
2020,7,강서구,40대,3198
2020,7,강서구,50대,3012
2020,7,강서구,60대,1705
2020,7,강서구,70대,947
2020,7,금정구,10대,2491
2020,7,금정구,20대,2403
2020,7,금정구,30대,1826
2020,7,금정구,40대,2202
2020,7,금정구,50대,2611
2020,7,금정구,60대,1886
2020,7,금정구,70대,1455
2020,7,기장군,10대,7388
2020,7,기장군,20대,3356
2020,7,기장군,30대,6326
2020,7,기장군,40대,5893
2020,7,기장군,50대,4922
2020,7,기장군,60대,3422
2020,7,기장군,70대,2725
2020,7,남구,10대,2961
2020,7,남구,20대,2318
2020,7,남구,30대,2137
2020,7,남구,40대,2551
2020,7,남구,50대,2592
2020,7,남구,60대,1974
2020,7,남구,70대,1605
2020,7,동구,10대,1059
2020,7,동구,20대,1006
2020,7,동구,30대,1210
2020,7,동구,40대,1381
2020,7,동구,50대,1606
2020,7,동구,60대,1312
2020,7,동구,70대,1095
2020,7,동래구,10대,4032
2020,7,동래구,20대,2683
2020,7,동래구,30대,2802
2020,7,동래구,40대,3443
2020,7,동래구,50대,3730
2020,7,동래구,60대,2717
2020,7,동래구,70대,2032
2020,7,부산진구,10대,3290
2020,7,부산진구,20대,3314
2020,7,부산진구,30대,2986
2020,7,부산진구,40대,3081
2020,7,부산진구,50대,3359
2020,7,부산진구,60대,2434
2020,7,부산진구,70대,1961
2020,7,북구,10대,4343
2020,7,북구,20대,3050
2020,7,북구,30대,2842
2020,7,북구,40대,3577
2020,7,북구,50대,4050
2020,7,북구,60대,2494
2020,7,북구,70대,1789
2020,7,사상구,10대,3365
2020,7,사상구,20대,3086
2020,7,사상구,30대,3012
2020,7,사상구,40대,3466
2020,7,사상구,50대,4224
2020,7,사상구,60대,2515
2020,7,사상구,70대,1578
2020,7,사하구,10대,3919
2020,7,사하구,20대,2692
2020,7,사하구,30대,2907
2020,7,사하구,40대,3301
2020,7,사하구,50대,3684
2020,7,사하구,60대,2470
2020,7,사하구,70대,1760
2020,7,서구,10대,1269
2020,7,서구,20대,1088
2020,7,서구,30대,1131
2020,7,서구,40대,1358
2020,7,서구,50대,1622
2020,7,서구,60대,1351
2020,7,서구,70대,1210
2020,7,수영구,10대,2836
2020,7,수영구,20대,2517
2020,7,수영구,30대,2662
2020,7,수영구,40대,2731
2020,7,수영구,50대,3014
2020,7,수영구,60대,2425
2020,7,수영구,70대,1885
2020,7,연제구,10대,3115
2020,7,연제구,20대,2227
2020,7,연제구,30대,2546
2020,7,연제구,40대,2976
2020,7,연제구,50대,3156
2020,7,연제구,60대,2265
2020,7,연제구,70대,1686
2020,7,영도구,10대,1705
2020,7,영도구,20대,1432
2020,7,영도구,30대,1335
2020,7,영도구,40대,1658
2020,7,영도구,50대,2003
2020,7,영도구,60대,1680
2020,7,영도구,70대,1494
2020,7,중구,10대,869
2020,7,중구,20대,1198
2020,7,중구,30대,1266
2020,7,중구,40대,1383
2020,7,중구,50대,1583
2020,7,중구,60대,1215
2020,7,중구,70대,944
2020,7,해운대구,10대,5066
2020,7,해운대구,20대,3275
2020,7,해운대구,30대,3631
2020,7,해운대구,40대,4439
2020,7,해운대구,50대,4167
2020,7,해운대구,60대,2698
2020,7,해운대구,70대,2148
2020,8,강서구,10대,2514
2020,8,강서구,20대,1946
2020,8,강서구,30대,3687
2020,8,강서구,40대,3083
2020,8,강서구,50대,2885
2020,8,강서구,60대,1681
2020,8,강서구,70대,947
2020,8,금정구,10대,2455
2020,8,금정구,20대,2390
2020,8,금정구,30대,1836
2020,8,금정구,40대,2224
2020,8,금정구,50대,2639
2020,8,금정구,60대,1924
2020,8,금정구,70대,1476
2020,8,기장군,10대,7396
2020,8,기장군,20대,3442
2020,8,기장군,30대,6436
2020,8,기장군,40대,6077
2020,8,기장군,50대,5075
2020,8,기장군,60대,3514
2020,8,기장군,70대,2804
2020,8,남구,10대,2889
2020,8,남구,20대,2309
2020,8,남구,30대,2144
2020,8,남구,40대,2556
2020,8,남구,50대,2606
2020,8,남구,60대,1980
2020,8,남구,70대,1604
2020,8,동구,10대,1028
2020,8,동구,20대,1006
2020,8,동구,30대,1160
2020,8,동구,40대,1326
2020,8,동구,50대,1558
2020,8,동구,60대,1271
2020,8,동구,70대,1086
2020,8,동래구,10대,3875
2020,8,동래구,20대,2659
2020,8,동래구,30대,2798
2020,8,동래구,40대,3437
2020,8,동래구,50대,3687
2020,8,동래구,60대,2678
2020,8,동래구,70대,1999
2020,8,부산진구,10대,3152
2020,8,부산진구,20대,3202
2020,8,부산진구,30대,2962
2020,8,부산진구,40대,3035
2020,8,부산진구,50대,3319
2020,8,부산진구,60대,2409
2020,8,부산진구,70대,1930
2020,8,북구,10대,4295
2020,8,북구,20대,3064
2020,8,북구,30대,2866
2020,8,북구,40대,3582
2020,8,북구,50대,4061
2020,8,북구,60대,2484
2020,8,북구,70대,1783
2020,8,사상구,10대,3362
2020,8,사상구,20대,3090
2020,8,사상구,30대,2985
2020,8,사상구,40대,3406
2020,8,사상구,50대,4158
2020,8,사상구,60대,2497
2020,8,사상구,70대,1581
2020,8,사하구,10대,3808
2020,8,사하구,20대,2671
2020,8,사하구,30대,2890
2020,8,사하구,40대,3268
2020,8,사하구,50대,3668
2020,8,사하구,60대,2468
2020,8,사하구,70대,1762
2020,8,서구,10대,1252
2020,8,서구,20대,1102
2020,8,서구,30대,1132
2020,8,서구,40대,1369
2020,8,서구,50대,1634
2020,8,서구,60대,1347
2020,8,서구,70대,1212
2020,8,수영구,10대,2839
2020,8,수영구,20대,2583
2020,8,수영구,30대,2702
2020,8,수영구,40대,2750
2020,8,수영구,50대,3023
2020,8,수영구,60대,2450
2020,8,수영구,70대,1893
2020,8,연제구,10대,2972
2020,8,연제구,20대,2179
2020,8,연제구,30대,2534
2020,8,연제구,40대,2909
2020,8,연제구,50대,3100
2020,8,연제구,60대,2240
2020,8,연제구,70대,1670
2020,8,영도구,10대,1687
2020,8,영도구,20대,1438
2020,8,영도구,30대,1336
2020,8,영도구,40대,1657
2020,8,영도구,50대,2010
2020,8,영도구,60대,1677
2020,8,영도구,70대,1489
2020,8,중구,10대,878
2020,8,중구,20대,1184
2020,8,중구,30대,1227
2020,8,중구,40대,1341
2020,8,중구,50대,1532
2020,8,중구,60대,1183
2020,8,중구,70대,920
2020,8,해운대구,10대,5060
2020,8,해운대구,20대,3373
2020,8,해운대구,30대,3697
2020,8,해운대구,40대,4511
2020,8,해운대구,50대,4208
2020,8,해운대구,60대,2705
2020,8,해운대구,70대,2151
2020,9,강서구,10대,2585
2020,9,강서구,20대,1991
2020,9,강서구,30대,3904
2020,9,강서구,40대,3233
2020,9,강서구,50대,3054
2020,9,강서구,60대,1749
2020,9,강서구,70대,960
2020,9,금정구,10대,2568
2020,9,금정구,20대,2599
2020,9,금정구,30대,1824
2020,9,금정구,40대,2206
2020,9,금정구,50대,2620
2020,9,금정구,60대,1894
2020,9,금정구,70대,1456
2020,9,기장군,10대,7458
2020,9,기장군,20대,3310
2020,9,기장군,30대,6387
2020,9,기장군,40대,5944
2020,9,기장군,50대,4964
2020,9,기장군,60대,3500
2020,9,기장군,70대,2816
2020,9,남구,10대,3072
2020,9,남구,20대,2456
2020,9,남구,30대,2162
2020,9,남구,40대,2584
2020,9,남구,50대,2637
2020,9,남구,60대,1999
2020,9,남구,70대,1615
2020,9,동구,10대,1040
2020,9,동구,20대,956
2020,9,동구,30대,1146
2020,9,동구,40대,1317
2020,9,동구,50대,1548
2020,9,동구,60대,1271
2020,9,동구,70대,1079
2020,9,동래구,10대,4016
2020,9,동래구,20대,2648
2020,9,동래구,30대,2794
2020,9,동래구,40대,3443
2020,9,동래구,50대,3698
2020,9,동래구,60대,2689
2020,9,동래구,70대,1996
2020,9,부산진구,10대,3343
2020,9,부산진구,20대,3191
2020,9,부산진구,30대,2945
2020,9,부산진구,40대,3061
2020,9,부산진구,50대,3348
2020,9,부산진구,60대,2446
2020,9,부산진구,70대,1952
2020,9,북구,10대,4446
2020,9,북구,20대,3090
2020,9,북구,30대,2870
2020,9,북구,40대,3608
2020,9,북구,50대,4077
2020,9,북구,60대,2496
2020,9,북구,70대,1804
2020,9,사상구,10대,3523
2020,9,사상구,20대,3192
2020,9,사상구,30대,3042
2020,9,사상구,40대,3470
2020,9,사상구,50대,4216
2020,9,사상구,60대,2506
2020,9,사상구,70대,1582
2020,9,사하구,10대,3996
2020,9,사하구,20대,2761
2020,9,사하구,30대,2919
2020,9,사하구,40대,3316
2020,9,사하구,50대,3725
2020,9,사하구,60대,2461
2020,9,사하구,70대,1758
2020,9,서구,10대,1298
2020,9,서구,20대,1122
2020,9,서구,30대,1126
2020,9,서구,40대,1354
2020,9,서구,50대,1624
2020,9,서구,60대,1345
2020,9,서구,70대,1220
2020,9,수영구,10대,2828
2020,9,수영구,20대,2410
2020,9,수영구,30대,2643
2020,9,수영구,40대,2718
2020,9,수영구,50대,2999
2020,9,수영구,60대,2451
2020,9,수영구,70대,1897
2020,9,연제구,10대,3124
2020,9,연제구,20대,2190
2020,9,연제구,30대,2551
2020,9,연제구,40대,2953
2020,9,연제구,50대,3126
2020,9,연제구,60대,2247
2020,9,연제구,70대,1671
2020,9,영도구,10대,1785
2020,9,영도구,20대,1524
2020,9,영도구,30대,1336
2020,9,영도구,40대,1666
2020,9,영도구,50대,2024
2020,9,영도구,60대,1689
2020,9,영도구,70대,1490
2020,9,중구,10대,807
2020,9,중구,20대,1090
2020,9,중구,30대,1164
2020,9,중구,40대,1307
2020,9,중구,50대,1496
2020,9,중구,60대,1168
2020,9,중구,70대,909
2020,9,해운대구,10대,5033
2020,9,해운대구,20대,3059
2020,9,해운대구,30대,3521
2020,9,해운대구,40대,4368
2020,9,해운대구,50대,4133
2020,9,해운대구,60대,2669
2020,9,해운대구,70대,2132
2020,10,강서구,10대,2562
2020,10,강서구,20대,1931
2020,10,강서구,30대,3764
2020,10,강서구,40대,3140
2020,10,강서구,50대,2971
2020,10,강서구,60대,1730
2020,10,강서구,70대,962
2020,10,금정구,10대,2515
2020,10,금정구,20대,2444
2020,10,금정구,30대,1823
2020,10,금정구,40대,2196
2020,10,금정구,50대,2582
2020,10,금정구,60대,1874
2020,10,금정구,70대,1441
2020,10,기장군,10대,7417
2020,10,기장군,20대,3331
2020,10,기장군,30대,6415
2020,10,기장군,40대,6042
2020,10,기장군,50대,5044
2020,10,기장군,60대,3519
2020,10,기장군,70대,2811
2020,10,남구,10대,3020
2020,10,남구,20대,2410
2020,10,남구,30대,2147
2020,10,남구,40대,2568
2020,10,남구,50대,2606
2020,10,남구,60대,1976
2020,10,남구,70대,1612
2020,10,동구,10대,1032
2020,10,동구,20대,962
2020,10,동구,30대,1144
2020,10,동구,40대,1322
2020,10,동구,50대,1544
2020,10,동구,60대,1259
2020,10,동구,70대,1081
2020,10,동래구,10대,3995
2020,10,동래구,20대,2630
2020,10,동래구,30대,2803
2020,10,동래구,40대,3442
2020,10,동래구,50대,3680
2020,10,동래구,60대,2659
2020,10,동래구,70대,1986
2020,10,부산진구,10대,3325
2020,10,부산진구,20대,3236
2020,10,부산진구,30대,2958
2020,10,부산진구,40대,3049
2020,10,부산진구,50대,3323
2020,10,부산진구,60대,2399
2020,10,부산진구,70대,1931
2020,10,북구,10대,4381
2020,10,북구,20대,3076
2020,10,북구,30대,2852
2020,10,북구,40대,3572
2020,10,북구,50대,4037
2020,10,북구,60대,2453
2020,10,북구,70대,1770
2020,10,사상구,10대,3466
2020,10,사상구,20대,3183
2020,10,사상구,30대,3020
2020,10,사상구,40대,3444
2020,10,사상구,50대,4138
2020,10,사상구,60대,2480
2020,10,사상구,70대,1575
2020,10,사하구,10대,3936
2020,10,사하구,20대,2720
2020,10,사하구,30대,2910
2020,10,사하구,40대,3300
2020,10,사하구,50대,3678
2020,10,사하구,60대,2445
2020,10,사하구,70대,1760
2020,10,서구,10대,1281
2020,10,서구,20대,1097
2020,10,서구,30대,1132
2020,10,서구,40대,1360
2020,10,서구,50대,1620
2020,10,서구,60대,1344
2020,10,서구,70대,1211
2020,10,수영구,10대,2829
2020,10,수영구,20대,2408
2020,10,수영구,30대,2664
2020,10,수영구,40대,2752
2020,10,수영구,50대,3002
2020,10,수영구,60대,2458
2020,10,수영구,70대,1925
2020,10,연제구,10대,3046
2020,10,연제구,20대,2175
2020,10,연제구,30대,2521
2020,10,연제구,40대,2913
2020,10,연제구,50대,3091
2020,10,연제구,60대,2218
2020,10,연제구,70대,1659
2020,10,영도구,10대,1701
2020,10,영도구,20대,1481
2020,10,영도구,30대,1346
2020,10,영도구,40대,1683
2020,10,영도구,50대,2014
2020,10,영도구,60대,1671
2020,10,영도구,70대,1486
2020,10,중구,10대,841
2020,10,중구,20대,1132
2020,10,중구,30대,1199
2020,10,중구,40대,1339
2020,10,중구,50대,1521
2020,10,중구,60대,1189
2020,10,중구,70대,923
2020,10,해운대구,10대,5021
2020,10,해운대구,20대,3126
2020,10,해운대구,30대,3588
2020,10,해운대구,40대,4422
2020,10,해운대구,50대,4157
2020,10,해운대구,60대,2678
2020,10,해운대구,70대,2141
2020,11,강서구,10대,2513
2020,11,강서구,20대,1967
2020,11,강서구,30대,3816
2020,11,강서구,40대,3218
2020,11,강서구,50대,3049
2020,11,강서구,60대,1748
2020,11,강서구,70대,959
2020,11,금정구,10대,2569
2020,11,금정구,20대,2501
2020,11,금정구,30대,1812
2020,11,금정구,40대,2194
2020,11,금정구,50대,2591
2020,11,금정구,60대,1831
2020,11,금정구,70대,1417
2020,11,기장군,10대,7360
2020,11,기장군,20대,3247
2020,11,기장군,30대,6358
2020,11,기장군,40대,5964
2020,11,기장군,50대,5010
2020,11,기장군,60대,3485
2020,11,기장군,70대,2785
2020,11,남구,10대,2998
2020,11,남구,20대,2371
2020,11,남구,30대,2125
2020,11,남구,40대,2543
2020,11,남구,50대,2590
2020,11,남구,60대,1972
2020,11,남구,70대,1610
2020,11,동구,10대,1046
2020,11,동구,20대,980
2020,11,동구,30대,1168
2020,11,동구,40대,1347
2020,11,동구,50대,1574
2020,11,동구,60대,1286
2020,11,동구,70대,1089
2020,11,동래구,10대,4003
2020,11,동래구,20대,2586
2020,11,동래구,30대,2768
2020,11,동래구,40대,3431
2020,11,동래구,50대,3681
2020,11,동래구,60대,2652
2020,11,동래구,70대,1973
2020,11,부산진구,10대,3315
2020,11,부산진구,20대,3310
2020,11,부산진구,30대,2976
2020,11,부산진구,40대,3056
2020,11,부산진구,50대,3339
2020,11,부산진구,60대,2415
2020,11,부산진구,70대,1940
2020,11,북구,10대,4392
2020,11,북구,20대,3053
2020,11,북구,30대,2840
2020,11,북구,40대,3568
2020,11,북구,50대,4049
2020,11,북구,60대,2456
2020,11,북구,70대,1779
2020,11,사상구,10대,3468
2020,11,사상구,20대,3270
2020,11,사상구,30대,3013
2020,11,사상구,40대,3472
2020,11,사상구,50대,4186
2020,11,사상구,60대,2501
2020,11,사상구,70대,1581
2020,11,사하구,10대,3998
2020,11,사하구,20대,2794
2020,11,사하구,30대,2901
2020,11,사하구,40대,3287
2020,11,사하구,50대,3689
2020,11,사하구,60대,2433
2020,11,사하구,70대,1743
2020,11,서구,10대,1306
2020,11,서구,20대,1151
2020,11,서구,30대,1136
2020,11,서구,40대,1353
2020,11,서구,50대,1609
2020,11,서구,60대,1330
2020,11,서구,70대,1204
2020,11,수영구,10대,2824
2020,11,수영구,20대,2421
2020,11,수영구,30대,2655
2020,11,수영구,40대,2716
2020,11,수영구,50대,3009
2020,11,수영구,60대,2407
2020,11,수영구,70대,1885
2020,11,연제구,10대,3020
2020,11,연제구,20대,2153
2020,11,연제구,30대,2515
2020,11,연제구,40대,2910
2020,11,연제구,50대,3083
2020,11,연제구,60대,2203
2020,11,연제구,70대,1644
2020,11,영도구,10대,1710
2020,11,영도구,20대,1484
2020,11,영도구,30대,1334
2020,11,영도구,40대,1650
2020,11,영도구,50대,2005
2020,11,영도구,60대,1673
2020,11,영도구,70대,1486
2020,11,중구,10대,862
2020,11,중구,20대,1179
2020,11,중구,30대,1234
2020,11,중구,40대,1352
2020,11,중구,50대,1543
2020,11,중구,60대,1192
2020,11,중구,70대,918
2020,11,해운대구,10대,5059
2020,11,해운대구,20대,3153
2020,11,해운대구,30대,3611
2020,11,해운대구,40대,4440
2020,11,해운대구,50대,4167
2020,11,해운대구,60대,2677
2020,11,해운대구,70대,2146
2020,12,강서구,10대,2516
2020,12,강서구,20대,1999
2020,12,강서구,30대,3753
2020,12,강서구,40대,3166
2020,12,강서구,50대,3009
2020,12,강서구,60대,1713
2020,12,강서구,70대,955
2020,12,금정구,10대,2471
2020,12,금정구,20대,2404
2020,12,금정구,30대,1811
2020,12,금정구,40대,2201
2020,12,금정구,50대,2611
2020,12,금정구,60대,1869
2020,12,금정구,70대,1434
2020,12,기장군,10대,7420
2020,12,기장군,20대,3354
2020,12,기장군,30대,6325
2020,12,기장군,40대,5894
2020,12,기장군,50대,4907
2020,12,기장군,60대,3462
2020,12,기장군,70대,2786
2020,12,남구,10대,3007
2020,12,남구,20대,2343
2020,12,남구,30대,2184
2020,12,남구,40대,2617
2020,12,남구,50대,2684
2020,12,남구,60대,2039
2020,12,남구,70대,1649
2020,12,동구,10대,999
2020,12,동구,20대,970
2020,12,동구,30대,1130
2020,12,동구,40대,1297
2020,12,동구,50대,1530
2020,12,동구,60대,1247
2020,12,동구,70대,1063
2020,12,동래구,10대,4003
2020,12,동래구,20대,2673
2020,12,동래구,30대,2814
2020,12,동래구,40대,3464
2020,12,동래구,50대,3727
2020,12,동래구,60대,2711
2020,12,동래구,70대,2011
2020,12,부산진구,10대,3198
2020,12,부산진구,20대,2966
2020,12,부산진구,30대,2910
2020,12,부산진구,40대,3038
2020,12,부산진구,50대,3345
2020,12,부산진구,60대,2437
2020,12,부산진구,70대,1949
2020,12,북구,10대,4452
2020,12,북구,20대,3098
2020,12,북구,30대,2893
2020,12,북구,40대,3629
2020,12,북구,50대,4129
2020,12,북구,60대,2519
2020,12,북구,70대,1816
2020,12,사상구,10대,3464
2020,12,사상구,20대,3097
2020,12,사상구,30대,3057
2020,12,사상구,40대,3491
2020,12,사상구,50대,4234
2020,12,사상구,60대,2538
2020,12,사상구,70대,1594
2020,12,사하구,10대,3951
2020,12,사하구,20대,2739
2020,12,사하구,30대,2953
2020,12,사하구,40대,3337
2020,12,사하구,50대,3750
2020,12,사하구,60대,2480
2020,12,사하구,70대,1770
2020,12,서구,10대,1268
2020,12,서구,20대,1099
2020,12,서구,30대,1131
2020,12,서구,40대,1341
2020,12,서구,50대,1615
2020,12,서구,60대,1337
2020,12,서구,70대,1203
2020,12,수영구,10대,2861
2020,12,수영구,20대,2422
2020,12,수영구,30대,2655
2020,12,수영구,40대,2739
2020,12,수영구,50대,3041
2020,12,수영구,60대,2449
2020,12,수영구,70대,1918
2020,12,연제구,10대,3028
2020,12,연제구,20대,2219
2020,12,연제구,30대,2521
2020,12,연제구,40대,2926
2020,12,연제구,50대,3100
2020,12,연제구,60대,2229
2020,12,연제구,70대,1662
2020,12,영도구,10대,1682
2020,12,영도구,20대,1451
2020,12,영도구,30대,1349
2020,12,영도구,40대,1677
2020,12,영도구,50대,2036
2020,12,영도구,60대,1711
2020,12,영도구,70대,1499
2020,12,중구,10대,773
2020,12,중구,20대,1024
2020,12,중구,30대,1114
2020,12,중구,40대,1266
2020,12,중구,50대,1464
2020,12,중구,60대,1155
2020,12,중구,70대,894
2020,12,해운대구,10대,5090
2020,12,해운대구,20대,3150
2020,12,해운대구,30대,3547
2020,12,해운대구,40대,4432
2020,12,해운대구,50대,4194
2020,12,해운대구,60대,2711
2020,12,해운대구,70대,2159
